startup_id,name,category,description,founded_date,funding_stage,funding_amount,team_size,location,status,website,success_score
STARTUP_0001,User-Friendly EdTech Tech,EdTech,"We are building a powerful edtech solution that helps professionals to improve efficiency using cloud computing. Our platform saves 10+ hours per week and integrates with existing systems. Our focus areas include certification program, course marketplace, personalized education.",2025-05-22 19:34:18.282854,Series B,0,4,New York,Active,www.edtech0.com,0.34224159962573686
STARTUP_0002,Advanced Healthcare Labs,Healthcare AI,"Next-generation healthcare ai company helping educators manage resources. Our quantum computing-powered platform automates repetitive tasks and offers custom solutions. Our focus areas include telemedicine, mental health, wellness platform.",2024-07-06 19:34:18.282854,Pre-seed,10000000,21,Bangalore,Active,www.healthcareai1.com,0.1658104012585459
STARTUP_0003,Next-Generation FinTech Solutions,FinTech,"A seamless startup focused on fintech for students. We leverage machine learning to increase productivity and provide provides personalized experiences. Our focus areas include banking solution, wealth management, insurance tech.",2024-06-22 19:34:18.282854,Pre-seed,5000000,59,New York,Acquired,www.fintech2.com,0.20403994521601954
STARTUP_0004,Cutting-Edge Social AI,Social Media,"Next-generation social media company helping communities streamline processes. Our deep learning-powered platform improves accuracy by 95% and integrates with existing systems. Our focus areas include content creation, content moderation, community platform.",2024-07-18 19:34:18.282854,Pre-seed,10000000,30,New York,Acquired,www.socialmedia3.com,0.3581887554246956
STARTUP_0005,Next-Generation Remote Systems,Remote Work,"Our remote work platform enables students to streamline processes through cloud computing. Key features include integrates with existing systems and delivers real-time insights. Our focus areas include cloud storage, task automation, project management.",2025-03-25 19:34:18.282854,Seed,50000,60,Bangalore,Active,www.remotework4.com,0.3205838704990648
STARTUP_0006,Modern Travel Platform,Travel Tech,"Our travel tech platform enables organizations to innovate faster through artificial intelligence. Key features include offers 24/7 support and improves accuracy by 95%. Our focus areas include flight comparison, hotel management, travel insurance.",2023-12-02 19:34:18.282854,Seed,1000000,92,Tokyo,Active,www.traveltech5.com,0.09832146075036968
STARTUP_0007,User-Friendly Real Systems,Real Estate Tech,"Revolutionary real estate tech solution that automate workflows for creators. Using blockchain, we delivers real-time insights while provides detailed analytics. Our focus areas include real estate investment, mortgage platform, tenant screening.",2024-06-21 19:34:18.282854,Series C,500000,75,Bangalore,Active,www.realestatetech6.com,0.22151422671402834
STARTUP_0008,Advanced IoT Solutions,IoT & Smart Home,"Next-generation iot & smart home company helping enterprises innovate faster. Our artificial intelligence-powered platform increases efficiency by 3x and provides detailed analytics. Our focus areas include IoT platform, connected appliances, sensor network.",2025-05-28 19:34:18.282854,Pre-seed,500000,49,Remote,Failed,www.iot&smarthome7.com,0.15937752033309405
STARTUP_0009,Next-Generation IoT Labs,IoT & Smart Home,"We are building a user-friendly iot & smart home solution that helps consumers to innovate faster using big data analytics. Our platform ensures data security and integrates with existing systems. Our focus areas include energy management, sensor network, connected appliances.",2025-01-02 19:34:18.282854,Pre-seed,5000000,93,Singapore,Failed,www.iot&smarthome8.com,0.12873734654927588
STARTUP_0010,Seamless Food Solutions,Food Delivery,"Next-generation food delivery company helping enterprises achieve goals. Our edge computing-powered platform delivers real-time insights and includes training resources. Our focus areas include quick delivery, grocery delivery, food ordering.",2024-10-12 19:34:18.282854,Seed,1000000,100,San Francisco,Failed,www.fooddelivery9.com,0.11276668348299691
STARTUP_0011,Comprehensive Healthcare Systems,Healthcare AI,"We are building a cutting-edge healthcare ai solution that helps students to achieve goals using augmented reality. Our platform delivers real-time insights and ensures compliance. Our focus areas include health monitoring, telemedicine, wellness platform.",2023-12-15 19:34:18.282854,Pre-seed,5000000,63,New York,Failed,www.healthcareai10.com,0.18566048480568523
STARTUP_0012,Seamless Social Solutions,Social Media,"A user-friendly startup focused on social media for financial institutions. We leverage blockchain to connect and collaborate and provide delivers real-time insights. Our focus areas include social commerce, social analytics, community platform.",2025-03-31 19:34:18.282854,Seed,5000000,40,Bangalore,Active,www.socialmedia11.com,0.6625555052394813
STARTUP_0013,Automated Healthcare Systems,Healthcare AI,"We are building a advanced healthcare ai solution that helps individuals to increase productivity using IoT sensors. Our platform reduces operational costs by 40% and offers free trial. Our focus areas include fitness tracking, telemedicine, wellness platform.",2024-05-08 19:34:18.282854,Pre-seed,0,91,San Francisco,Active,www.healthcareai12.com,0.2744954037676423
STARTUP_0014,Cutting-Edge IoT Labs,IoT & Smart Home,"Our iot & smart home platform enables consumers to improve efficiency through big data analytics. Key features include ensures compliance and enables data-driven decisions. Our focus areas include temperature control, connected appliances, home monitoring.",2025-05-08 19:34:18.282854,Series B,50000,61,Bangalore,Active,www.iot&smarthome13.com,0.4799273835635359
STARTUP_0015,Cutting-Edge Legal Tech,Legal Tech,"Revolutionary legal tech solution that make better decisions for healthcare providers. Using natural language processing, we reduces operational costs by 40% while integrates with existing systems. Our focus areas include contract management, dispute resolution, legal marketplace.",2024-01-15 19:34:18.282854,Seed,50000,25,Remote,Active,www.legaltech14.com,0.22468543260986465
STARTUP_0016,Intelligent Social Solutions,Social Media,"Our social media platform enables individuals to achieve goals through 5G technology. Key features include provides API access and increases efficiency by 3x. Our focus areas include live streaming, social networking, content creation.",2025-07-24 19:34:18.282854,Series C,10000000,2,New York,Active,www.socialmedia15.com,0.3676105485399797
STARTUP_0017,Revolutionary Travel Cloud,Travel Tech,"Revolutionary travel tech solution that achieve goals for individuals. Using computer vision, we reduces operational costs by 40% while provides detailed analytics. Our focus areas include hotel management, travel booking, destination discovery.",2024-06-23 19:34:18.282854,Series B,100000,55,Remote,Active,www.traveltech16.com,0.2692615122421425
STARTUP_0018,Advanced Food AI,Food Delivery,"A innovative startup focused on food delivery for developers. We leverage predictive analytics to scale operations and provide reduces operational costs by 40%. Our focus areas include meal delivery, food waste, quick delivery.",2025-01-26 19:34:18.282854,Series C,10000000,68,London,Active,www.fooddelivery17.com,0.323749519088055
STARTUP_0019,Scalable Healthcare Tech,Healthcare AI,"A cutting-edge startup focused on healthcare ai for developers. We leverage edge computing to increase productivity and provide improves accuracy by 95%. Our focus areas include medical diagnosis, wellness platform, telemedicine.",2025-05-10 19:34:18.282854,Series C,0,80,New York,Acquired,www.healthcareai18.com,0.44456499724490156
STARTUP_0020,User-Friendly AI Hub,AI & ML Services,"Our ai & ml services platform enables creators to scale operations through IoT sensors. Key features include includes mobile apps and improves accuracy by 95%. Our focus areas include automated decision, predictive analytics, computer vision.",2025-01-06 19:34:18.282854,Series A,10000000,10,San Francisco,Acquired,www.ai&mlservices19.com,0.27313866099186057
STARTUP_0021,Efficient FinTech Tech,FinTech,"We are building a scalable fintech solution that helps individuals to connect and collaborate using big data analytics. Our platform saves 10+ hours per week and supports multiple languages. Our focus areas include cryptocurrency, investment platform, banking solution.",2024-07-13 19:34:18.282854,Seed,500000,70,Singapore,Failed,www.fintech20.com,0.23310769682674695
STARTUP_0022,Seamless E-commerce Labs,E-commerce,"Next-generation e-commerce company helping creators increase productivity. Our 5G technology-powered platform saves 10+ hours per week and includes mobile apps. Our focus areas include product recommendations, customer loyalty, personalized shopping.",2024-03-03 19:34:18.282854,Series A,100000,78,Berlin,Active,www.e-commerce21.com,0.2610126936442598
STARTUP_0023,Advanced FinTech AI,FinTech,"Next-generation fintech company helping professionals achieve goals. Our artificial intelligence-powered platform increases efficiency by 3x and offers custom solutions. Our focus areas include personal finance, digital payments, credit scoring.",2024-09-01 19:34:18.282854,Seed,5000000,34,London,Acquired,www.fintech22.com,0.5003929429539523
STARTUP_0024,Scalable Social Cloud,Social Media,"Next-generation social media company helping enterprises increase productivity. Our 5G technology-powered platform saves 10+ hours per week and includes training resources. Our focus areas include content creation, content sharing, social commerce.",2025-04-13 19:34:18.282854,Seed,500000,17,San Francisco,Active,www.socialmedia23.com,0.11016071995252517
STARTUP_0025,Comprehensive IoT Labs,IoT & Smart Home,"Our iot & smart home platform enables creators to improve efficiency through edge computing. Key features include supports multiple languages and increases efficiency by 3x. Our focus areas include temperature control, sensor network, home monitoring.",2024-03-02 19:34:18.282854,Seed,10000000,21,London,Acquired,www.iot&smarthome24.com,0.2591686788875093
STARTUP_0026,Innovative Food Solutions,Food Delivery,"Our food delivery platform enables healthcare providers to innovate faster through edge computing. Key features include includes mobile apps and improves accuracy by 95%. Our focus areas include food ordering, restaurant platform, food subscription.",2023-11-04 19:34:18.282854,Series B,50000,26,Remote,Active,www.fooddelivery25.com,0.11404878475035836
STARTUP_0027,Next-Generation Gaming Platform,Gaming,"A innovative startup focused on gaming for creators. We leverage computer vision to improve efficiency and provide ensures data security. Our focus areas include cloud gaming, virtual reality, augmented reality.",2025-07-13 19:34:18.282854,Series C,500000,87,Tokyo,Active,www.gaming26.com,0.2039366219603414
STARTUP_0028,Cutting-Edge Food AI,Food Delivery,"A efficient startup focused on food delivery for professionals. We leverage machine learning to optimize operations and provide scales with your business. Our focus areas include dark kitchen, food waste, food subscription.",2025-06-07 19:34:18.282854,Series C,0,50,Berlin,Active,www.fooddelivery27.com,0.21496260270454606
STARTUP_0029,Innovative Food Cloud,Food Delivery,"We are building a scalable food delivery solution that helps organizations to connect and collaborate using edge computing. Our platform improves accuracy by 95% and supports multiple languages. Our focus areas include food subscription, restaurant platform, dark kitchen.",2025-06-25 19:34:18.282854,Series A,5000000,16,Singapore,Failed,www.fooddelivery28.com,0.4788155941817617
STARTUP_0030,Next-Generation IoT Cloud,IoT & Smart Home,"Our iot & smart home platform enables educators to enhance customer experience through predictive analytics. Key features include ensures compliance and saves 10+ hours per week. Our focus areas include sensor network, IoT platform, smart locks.",2025-08-19 19:34:18.282854,Seed,1000000,73,Singapore,Acquired,www.iot&smarthome29.com,0.21789442502113743
STARTUP_0031,Scalable Remote Labs,Remote Work,"Our remote work platform enables individuals to make better decisions through augmented reality. Key features include offers free trial and scales with your business. Our focus areas include task automation, productivity software, remote hiring.",2024-12-21 19:34:18.282854,Series B,5000000,28,Remote,Active,www.remotework30.com,0.22436951003829667
STARTUP_0032,User-Friendly Healthcare Tech,Healthcare AI,"Our healthcare ai platform enables creators to manage resources through deep learning. Key features include integrates with existing systems and ensures data security. Our focus areas include telemedicine, elderly care, health analytics.",2024-05-13 19:34:18.282854,Seed,50000,4,San Francisco,Active,www.healthcareai31.com,0.14807171835086516
STARTUP_0033,Automated Sustainable Tech,Sustainable Tech,"Revolutionary sustainable tech solution that track and analyze for creators. Using cloud computing, we provides personalized experiences while provides API access. Our focus areas include green technology, circular economy, eco-friendly.",2025-07-28 19:34:18.282854,Pre-seed,10000000,99,New York,Acquired,www.sustainabletech32.com,0.4419285644978919
STARTUP_0034,Advanced Legal Solutions,Legal Tech,"Next-generation legal tech company helping businesses connect and collaborate. Our cloud computing-powered platform increases efficiency by 3x and provides API access. Our focus areas include document automation, intellectual property, legal analytics.",2025-04-20 19:34:18.282854,Series C,100000,97,Remote,Failed,www.legaltech33.com,0.46918140279824
STARTUP_0035,Integrated Healthcare Cloud,Healthcare AI,"Next-generation healthcare ai company helping startups scale operations. Our virtual reality-powered platform enables data-driven decisions and provides API access. Our focus areas include health analytics, telemedicine, chronic disease.",2025-03-12 19:34:18.282854,Series B,5000000,31,Singapore,Acquired,www.healthcareai34.com,0.3518763185224679
STARTUP_0036,Cutting-Edge Cybersecurity AI,Cybersecurity,"A next-generation startup focused on cybersecurity for students. We leverage 5G technology to streamline processes and provide automates repetitive tasks. Our focus areas include security monitoring, zero trust, encryption service.",2024-10-22 19:34:18.282854,Seed,5000000,28,New York,Acquired,www.cybersecurity35.com,0.22101151326563262
STARTUP_0037,Intelligent Remote Hub,Remote Work,"Next-generation remote work company helping healthcare providers optimize operations. Our cloud computing-powered platform provides personalized experiences and offers custom solutions. Our focus areas include cloud storage, collaboration tools, employee engagement.",2024-10-19 19:34:18.282854,Series B,0,46,Singapore,Acquired,www.remotework36.com,0.12383963061236869
STARTUP_0038,Integrated AI Cloud,AI & ML Services,"Next-generation ai & ml services company helping educators connect and collaborate. Our augmented reality-powered platform scales with your business and ensures compliance. Our focus areas include data analysis, natural language, computer vision.",2024-12-15 19:34:18.282854,Series B,0,50,Tokyo,Acquired,www.ai&mlservices37.com,0.43935867497060277
STARTUP_0039,Powerful FinTech Solutions,FinTech,"Revolutionary fintech solution that track and analyze for startups. Using predictive analytics, we reduces operational costs by 40% while offers custom solutions. Our focus areas include insurance tech, wealth management, digital payments.",2023-12-20 19:34:18.282854,Series B,50000,60,London,Active,www.fintech38.com,0.6132999146279724
STARTUP_0040,Next-Generation IoT Cloud,IoT & Smart Home,"Our iot & smart home platform enables financial institutions to streamline processes through IoT sensors. Key features include includes mobile apps and provides personalized experiences. Our focus areas include sensor network, energy management, home automation.",2025-01-19 19:34:18.282854,Pre-seed,5000000,70,San Francisco,Active,www.iot&smarthome39.com,0.18737915758085347
STARTUP_0041,Advanced FinTech Tech,FinTech,"We are building a seamless fintech solution that helps businesses to improve efficiency using cloud computing. Our platform reduces operational costs by 40% and offers free trial. Our focus areas include blockchain technology, investment platform, wealth management.",2025-01-22 19:34:18.282854,Pre-seed,1000000,28,Remote,Active,www.fintech40.com,0.4944463260236287
STARTUP_0042,Seamless Legal Hub,Legal Tech,"A efficient startup focused on legal tech for developers. We leverage quantum computing to scale operations and provide increases efficiency by 3x. Our focus areas include case management, legal research, e-discovery.",2023-10-22 19:34:18.282854,Series A,1000000,87,Bangalore,Acquired,www.legaltech41.com,0.19693323160731277
STARTUP_0043,Powerful IoT Platform,IoT & Smart Home,"We are building a efficient iot & smart home solution that helps educators to achieve goals using edge computing. Our platform improves accuracy by 95% and integrates with existing systems. Our focus areas include smart locks, energy management, home monitoring.",2024-01-27 19:34:18.282854,Series C,10000000,6,Tokyo,Failed,www.iot&smarthome42.com,0.050302131420000576
STARTUP_0044,Intelligent Remote Hub,Remote Work,"We are building a scalable remote work solution that helps creators to streamline processes using artificial intelligence. Our platform provides personalized experiences and provides API access. Our focus areas include video conferencing, time tracking, productivity software.",2025-07-07 19:34:18.282854,Series B,5000000,20,Bangalore,Active,www.remotework43.com,0.2556257944924789
STARTUP_0045,Powerful IoT AI,IoT & Smart Home,"Next-generation iot & smart home company helping consumers innovate faster. Our natural language processing-powered platform enables data-driven decisions and offers custom solutions. Our focus areas include smart locks, home monitoring, energy management.",2024-08-21 19:34:18.282854,Seed,10000000,12,Singapore,Acquired,www.iot&smarthome44.com,0.11029227654313646
STARTUP_0046,Advanced FinTech Systems,FinTech,"Next-generation fintech company helping creators make better decisions. Our IoT sensors-powered platform reduces operational costs by 40% and provides API access. Our focus areas include banking solution, blockchain technology, peer-to-peer lending.",2024-04-30 19:34:18.282854,Series A,10000000,34,Tokyo,Active,www.fintech45.com,0.2532223606984298
STARTUP_0047,Modern Cybersecurity AI,Cybersecurity,"Next-generation cybersecurity company helping consumers improve efficiency. Our machine learning-powered platform improves accuracy by 95% and offers custom solutions. Our focus areas include vulnerability assessment, security training, encryption service.",2025-09-02 19:34:18.282854,Series B,5000000,92,Remote,Acquired,www.cybersecurity46.com,0.508518443276443
STARTUP_0048,Seamless Legal Labs,Legal Tech,"We are building a next-generation legal tech solution that helps individuals to make better decisions using quantum computing. Our platform improves accuracy by 95% and includes mobile apps. Our focus areas include practice management, e-discovery, legal marketplace.",2025-01-22 19:34:18.282854,Series C,1000000,45,Bangalore,Failed,www.legaltech47.com,0.4468098000184668
STARTUP_0049,Comprehensive Travel Hub,Travel Tech,"Revolutionary travel tech solution that enhance customer experience for professionals. Using cloud computing, we increases efficiency by 3x while ensures compliance. Our focus areas include flight comparison, accommodation platform, virtual tours.",2025-09-01 19:34:18.282854,Seed,50000,28,Remote,Active,www.traveltech48.com,0.07370260762355609
STARTUP_0050,Powerful Travel AI,Travel Tech,"We are building a integrated travel tech solution that helps individuals to enhance customer experience using cloud computing. Our platform ensures data security and provides detailed analytics. Our focus areas include travel insurance, travel booking, virtual tours.",2024-02-02 19:34:18.282854,Series A,0,7,Singapore,Active,www.traveltech49.com,0.23005953211192406
STARTUP_0051,User-Friendly Cybersecurity Systems,Cybersecurity,"We are building a integrated cybersecurity solution that helps businesses to track and analyze using big data analytics. Our platform enables data-driven decisions and provides API access. Our focus areas include vulnerability assessment, fraud prevention, security monitoring.",2023-11-17 19:34:18.282854,Series A,10000000,62,New York,Active,www.cybersecurity50.com,0.15818104612948314
STARTUP_0052,Intelligent Social Systems,Social Media,"We are building a efficient social media solution that helps creators to manage resources using artificial intelligence. Our platform saves 10+ hours per week and provides detailed analytics. Our focus areas include social commerce, user engagement, social networking.",2024-06-06 19:34:18.282854,Pre-seed,1000000,98,Bangalore,Failed,www.socialmedia51.com,0.33994833452873685
STARTUP_0053,Efficient Food Platform,Food Delivery,"Next-generation food delivery company helping financial institutions automate workflows. Our big data analytics-powered platform scales with your business and offers custom solutions. Our focus areas include meal kit service, quick delivery, contactless ordering.",2023-11-26 19:34:18.282854,Series C,5000000,13,Berlin,Active,www.fooddelivery52.com,0.4816085436151898
STARTUP_0054,Next-Generation EdTech Tech,EdTech,"A advanced startup focused on edtech for startups. We leverage machine learning to connect and collaborate and provide saves 10+ hours per week. Our focus areas include student engagement, adaptive learning, tutoring platform.",2025-01-19 19:34:18.282854,Series A,0,30,Singapore,Active,www.edtech53.com,0.32347850774297826
STARTUP_0055,Powerful FinTech Systems,FinTech,"We are building a user-friendly fintech solution that helps individuals to enhance customer experience using augmented reality. Our platform scales with your business and ensures compliance. Our focus areas include financial planning, cryptocurrency, mobile wallet.",2024-05-13 19:34:18.282854,Seed,100000,19,New York,Active,www.fintech54.com,0.7625698503966116
STARTUP_0056,Revolutionary Social AI,Social Media,"Next-generation social media company helping communities track and analyze. Our 5G technology-powered platform delivers real-time insights and provides API access. Our focus areas include social networking, viral marketing, user engagement.",2025-09-11 19:34:18.282854,Series B,100000,65,Remote,Acquired,www.socialmedia55.com,0.3682584032090778
STARTUP_0057,Cutting-Edge Remote Labs,Remote Work,"Revolutionary remote work solution that track and analyze for students. Using big data analytics, we reduces operational costs by 40% while integrates with existing systems. Our focus areas include team communication, task automation, cloud storage.",2025-05-19 19:34:18.282854,Pre-seed,10000000,87,Singapore,Failed,www.remotework56.com,0.339400723977361
STARTUP_0058,Innovative Sustainable Solutions,Sustainable Tech,"Revolutionary sustainable tech solution that automate workflows for creators. Using 5G technology, we delivers real-time insights while provides detailed analytics. Our focus areas include recycling platform, green technology, solar power.",2023-12-28 19:34:18.282854,Series B,100000,53,Tokyo,Active,www.sustainabletech57.com,0.18044646014557242
STARTUP_0059,User-Friendly IoT Tech,IoT & Smart Home,"A comprehensive startup focused on iot & smart home for healthcare providers. We leverage natural language processing to scale operations and provide delivers real-time insights. Our focus areas include temperature control, smart devices, smart lighting.",2023-12-25 19:34:18.282854,Series A,100000,42,New York,Acquired,www.iot&smarthome58.com,0.2964498398517771
STARTUP_0060,Integrated IoT Labs,IoT & Smart Home,"Next-generation iot & smart home company helping healthcare providers optimize operations. Our cloud computing-powered platform automates repetitive tasks and supports multiple languages. Our focus areas include home monitoring, smart lighting, IoT platform.",2023-11-17 19:34:18.282854,Seed,100000,71,London,Active,www.iot&smarthome59.com,0.20075447300764812
STARTUP_0061,Automated Remote Systems,Remote Work,"We are building a innovative remote work solution that helps creators to track and analyze using augmented reality. Our platform improves accuracy by 95% and provides detailed analytics. Our focus areas include virtual office, digital workspace, collaboration tools.",2025-04-13 19:34:18.282854,Series B,0,29,New York,Acquired,www.remotework60.com,0.20996185822537242
STARTUP_0062,Cutting-Edge Remote Solutions,Remote Work,"Revolutionary remote work solution that enhance customer experience for educators. Using predictive analytics, we delivers real-time insights while offers custom solutions. Our focus areas include remote hiring, employee engagement, team communication.",2025-01-05 19:34:18.282854,Series C,50000,50,Berlin,Failed,www.remotework61.com,0.2817839168407163
STARTUP_0063,Scalable Legal Solutions,Legal Tech,"We are building a next-generation legal tech solution that helps organizations to innovate faster using virtual reality. Our platform provides personalized experiences and supports multiple languages. Our focus areas include legal analytics, case management, contract management.",2024-07-11 19:34:18.282854,Series A,10000000,76,Remote,Active,www.legaltech62.com,0.14328861092893747
STARTUP_0064,Automated IoT Systems,IoT & Smart Home,"Our iot & smart home platform enables consumers to innovate faster through predictive analytics. Key features include provides API access and provides personalized experiences. Our focus areas include voice control, security system, IoT platform.",2025-05-03 19:34:18.282854,Series B,50000,100,Bangalore,Active,www.iot&smarthome63.com,0.7047215751897115
STARTUP_0065,Comprehensive Food Systems,Food Delivery,"Revolutionary food delivery solution that innovate faster for creators. Using virtual reality, we saves 10+ hours per week while provides API access. Our focus areas include meal delivery, food ordering, local restaurants.",2025-05-22 19:34:18.282854,Series A,10000000,13,Remote,Active,www.fooddelivery64.com,0.43107130360838963
STARTUP_0066,Scalable Social Systems,Social Media,"We are building a powerful social media solution that helps startups to make better decisions using virtual reality. Our platform saves 10+ hours per week and integrates with existing systems. Our focus areas include viral marketing, user engagement, content sharing.",2025-06-25 19:34:18.282854,Series B,5000000,11,Tokyo,Failed,www.socialmedia65.com,0.4301315691710872
STARTUP_0067,Intelligent Remote Hub,Remote Work,"Revolutionary remote work solution that optimize operations for consumers. Using deep learning, we increases efficiency by 3x while ensures compliance. Our focus areas include task automation, employee engagement, virtual office.",2024-05-15 19:34:18.282854,Pre-seed,500000,13,New York,Acquired,www.remotework66.com,0.3343465379892603
STARTUP_0068,Revolutionary EdTech AI,EdTech,"We are building a innovative edtech solution that helps students to innovate faster using artificial intelligence. Our platform delivers real-time insights and supports multiple languages. Our focus areas include educational games, student engagement, skill development.",2024-06-02 19:34:18.282854,Series C,500000,73,London,Active,www.edtech67.com,0.2342436275427471
STARTUP_0069,Revolutionary Remote Tech,Remote Work,"Next-generation remote work company helping healthcare providers track and analyze. Our edge computing-powered platform improves accuracy by 95% and provides API access. Our focus areas include cloud storage, project management, team communication.",2025-01-10 19:34:18.282854,Series A,500000,33,San Francisco,Acquired,www.remotework68.com,0.2955901152506459
STARTUP_0070,Modern Gaming AI,Gaming,"Next-generation gaming company helping enterprises automate workflows. Our IoT sensors-powered platform scales with your business and includes mobile apps. Our focus areas include multiplayer platform, gaming community, virtual reality.",2025-01-05 19:34:18.282854,Series A,50000,50,Remote,Active,www.gaming69.com,0.17111810345679648
STARTUP_0071,Advanced IoT Cloud,IoT & Smart Home,"Next-generation iot & smart home company helping developers enhance customer experience. Our quantum computing-powered platform delivers real-time insights and offers 24/7 support. Our focus areas include IoT platform, sensor network, energy management.",2023-10-04 19:34:18.282854,Series C,10000000,88,San Francisco,Failed,www.iot&smarthome70.com,0.1604315376891899
STARTUP_0072,Powerful Sustainable Systems,Sustainable Tech,"Our sustainable tech platform enables organizations to improve efficiency through deep learning. Key features include ensures compliance and ensures data security. Our focus areas include environmental monitoring, circular economy, recycling platform.",2024-06-08 19:34:18.282854,Seed,5000000,13,San Francisco,Active,www.sustainabletech71.com,0.08414504679017439
STARTUP_0073,Seamless IoT Systems,IoT & Smart Home,"We are building a efficient iot & smart home solution that helps students to scale operations using blockchain. Our platform increases efficiency by 3x and includes mobile apps. Our focus areas include voice control, sensor network, connected appliances.",2024-04-18 19:34:18.282854,Seed,10000000,70,Tokyo,Failed,www.iot&smarthome72.com,0.049288996170837526
STARTUP_0074,Scalable E-commerce AI,E-commerce,"A next-generation startup focused on e-commerce for communities. We leverage augmented reality to automate workflows and provide delivers real-time insights. Our focus areas include product recommendations, subscription box, customer loyalty.",2024-02-17 19:34:18.282854,Seed,10000000,87,Bangalore,Failed,www.e-commerce73.com,0.285003056580859
STARTUP_0075,Comprehensive E-commerce Tech,E-commerce,"Revolutionary e-commerce solution that connect and collaborate for professionals. Using machine learning, we enables data-driven decisions while supports multiple languages. Our focus areas include order fulfillment, customer loyalty, customer reviews.",2025-05-16 19:34:18.282854,Series B,10000000,82,Tokyo,Active,www.e-commerce74.com,0.17613828915465354
STARTUP_0076,User-Friendly E-commerce Platform,E-commerce,"Revolutionary e-commerce solution that connect and collaborate for developers. Using IoT sensors, we scales with your business while ensures compliance. Our focus areas include order fulfillment, product recommendations, subscription box.",2025-09-12 19:34:18.282854,Series A,5000000,53,New York,Active,www.e-commerce75.com,0.3151253408210101
STARTUP_0077,Innovative IoT Labs,IoT & Smart Home,"Our iot & smart home platform enables enterprises to increase productivity through cloud computing. Key features include provides detailed analytics and automates repetitive tasks. Our focus areas include sensor network, smart lighting, voice control.",2025-08-12 19:34:18.282854,Series C,500000,76,London,Acquired,www.iot&smarthome76.com,0.17760895187220027
STARTUP_0078,User-Friendly Real Tech,Real Estate Tech,"Revolutionary real estate tech solution that enhance customer experience for healthcare providers. Using artificial intelligence, we ensures data security while ensures compliance. Our focus areas include construction tech, facility management, real estate investment.",2024-10-01 19:34:18.282854,Pre-seed,5000000,48,Tokyo,Active,www.realestatetech77.com,0.28629977276559304
STARTUP_0079,Intelligent Travel AI,Travel Tech,"A cutting-edge startup focused on travel tech for communities. We leverage natural language processing to achieve goals and provide increases efficiency by 3x. Our focus areas include expense tracking, destination discovery, travel community.",2023-10-17 19:34:18.282854,Pre-seed,10000000,43,Berlin,Active,www.traveltech78.com,0.3404942837642418
STARTUP_0080,Seamless Travel Platform,Travel Tech,"We are building a integrated travel tech solution that helps organizations to connect and collaborate using cloud computing. Our platform scales with your business and ensures compliance. Our focus areas include local experiences, flight comparison, trip planning.",2025-05-28 19:34:18.282854,Pre-seed,100000,19,London,Failed,www.traveltech79.com,0.22043981344735372
STARTUP_0081,Next-Generation Social Solutions,Social Media,"We are building a user-friendly social media solution that helps communities to optimize operations using blockchain. Our platform reduces operational costs by 40% and supports multiple languages. Our focus areas include community platform, social commerce, content sharing.",2023-10-12 19:34:18.282854,Seed,100000,7,London,Acquired,www.socialmedia80.com,0.445859189088577
STARTUP_0082,Scalable AI Tech,AI & ML Services,"We are building a automated ai & ml services solution that helps financial institutions to innovate faster using IoT sensors. Our platform automates repetitive tasks and offers free trial. Our focus areas include artificial intelligence, data analysis, pattern recognition.",2024-05-09 19:34:18.282854,Series C,0,94,Singapore,Acquired,www.ai&mlservices81.com,0.14261754055833784
STARTUP_0083,User-Friendly Gaming Labs,Gaming,"We are building a automated gaming solution that helps communities to make better decisions using computer vision. Our platform increases efficiency by 3x and provides API access. Our focus areas include game analytics, game streaming, cloud gaming.",2023-12-17 19:34:18.282854,Series A,1000000,19,New York,Active,www.gaming82.com,0.42753955977034724
STARTUP_0084,Next-Generation Travel Hub,Travel Tech,"Revolutionary travel tech solution that enhance customer experience for consumers. Using natural language processing, we automates repetitive tasks while offers free trial. Our focus areas include hotel management, accommodation platform, expense tracking.",2025-07-27 19:34:18.282854,Series C,5000000,28,Bangalore,Acquired,www.traveltech83.com,0.24882782259934164
STARTUP_0085,Modern Legal Platform,Legal Tech,"Revolutionary legal tech solution that automate workflows for communities. Using computer vision, we provides personalized experiences while integrates with existing systems. Our focus areas include legal marketplace, dispute resolution, legal advice.",2025-08-07 19:34:18.282854,Series A,100000,20,Remote,Active,www.legaltech84.com,0.154273737172675
STARTUP_0086,Cutting-Edge Gaming Tech,Gaming,"We are building a intelligent gaming solution that helps enterprises to scale operations using quantum computing. Our platform ensures data security and provides detailed analytics. Our focus areas include indie games, mobile games, educational gaming.",2025-04-23 19:34:18.282854,Series C,100000,86,New York,Acquired,www.gaming85.com,0.2623139249573352
STARTUP_0087,Comprehensive Sustainable Cloud,Sustainable Tech,"We are building a next-generation sustainable tech solution that helps developers to enhance customer experience using IoT sensors. Our platform increases efficiency by 3x and offers free trial. Our focus areas include electric vehicles, circular economy, eco-friendly.",2025-07-29 19:34:18.282854,Series B,50000,14,Tokyo,Failed,www.sustainabletech86.com,0.05015787656208411
STARTUP_0088,Comprehensive FinTech Tech,FinTech,"Our fintech platform enables individuals to innovate faster through computer vision. Key features include offers free trial and automates repetitive tasks. Our focus areas include insurance tech, credit scoring, mobile wallet.",2023-10-22 19:34:18.282854,Series C,5000000,89,Singapore,Active,www.fintech87.com,0.28209749061568656
STARTUP_0089,Revolutionary Sustainable AI,Sustainable Tech,"Our sustainable tech platform enables students to streamline processes through artificial intelligence. Key features include provides detailed analytics and saves 10+ hours per week. Our focus areas include recycling platform, environmental monitoring, green technology.",2023-12-06 19:34:18.282854,Seed,5000000,82,San Francisco,Active,www.sustainabletech88.com,0.05502236332332575
STARTUP_0090,Powerful Cybersecurity Platform,Cybersecurity,"Revolutionary cybersecurity solution that streamline processes for financial institutions. Using blockchain, we ensures data security while includes mobile apps. Our focus areas include zero trust, fraud prevention, compliance management.",2025-05-28 19:34:18.282854,Pre-seed,0,20,London,Failed,www.cybersecurity89.com,0.49771530922633084
STARTUP_0091,Innovative E-commerce Tech,E-commerce,"Our e-commerce platform enables creators to make better decisions through natural language processing. Key features include provides API access and scales with your business. Our focus areas include dropshipping platform, customer reviews, inventory management.",2025-03-03 19:34:18.282854,Pre-seed,100000,56,New York,Active,www.e-commerce90.com,0.2314288231229386
STARTUP_0092,User-Friendly Sustainable Systems,Sustainable Tech,"Next-generation sustainable tech company helping professionals optimize operations. Our cloud computing-powered platform provides personalized experiences and offers free trial. Our focus areas include renewable energy, clean energy, circular economy.",2024-07-30 19:34:18.282854,Seed,10000000,18,Singapore,Active,www.sustainabletech91.com,0.1679065941554107
STARTUP_0093,Comprehensive Healthcare Tech,Healthcare AI,"We are building a automated healthcare ai solution that helps educators to make better decisions using blockchain. Our platform saves 10+ hours per week and offers custom solutions. Our focus areas include fitness tracking, telemedicine, chronic disease.",2025-04-20 19:34:18.282854,Series A,0,51,San Francisco,Acquired,www.healthcareai92.com,0.3117813887990167
STARTUP_0094,Innovative Cybersecurity Systems,Cybersecurity,"We are building a integrated cybersecurity solution that helps students to track and analyze using computer vision. Our platform scales with your business and offers custom solutions. Our focus areas include zero trust, incident response, network security.",2024-07-18 19:34:18.282854,Pre-seed,500000,3,Tokyo,Active,www.cybersecurity93.com,0.07342580910362954
STARTUP_0095,Seamless FinTech Systems,FinTech,"Our fintech platform enables healthcare providers to achieve goals through machine learning. Key features include offers custom solutions and improves accuracy by 95%. Our focus areas include insurance tech, financial planning, mobile wallet.",2023-12-15 19:34:18.282854,Series B,10000000,40,Tokyo,Active,www.fintech94.com,0.35797182895167423
STARTUP_0096,Comprehensive Sustainable Solutions,Sustainable Tech,"We are building a scalable sustainable tech solution that helps creators to increase productivity using predictive analytics. Our platform automates repetitive tasks and ensures compliance. Our focus areas include sustainable materials, clean energy, eco-friendly.",2024-05-24 19:34:18.282854,Pre-seed,50000,33,Berlin,Active,www.sustainabletech95.com,0.5006741240171694
STARTUP_0097,Efficient IoT Solutions,IoT & Smart Home,"We are building a revolutionary iot & smart home solution that helps organizations to manage resources using natural language processing. Our platform enables data-driven decisions and offers free trial. Our focus areas include home monitoring, smart lighting, smart locks.",2025-07-15 19:34:18.282854,Series C,100000,81,Tokyo,Active,www.iot&smarthome96.com,0.31248734281748825
STARTUP_0098,Automated IoT Tech,IoT & Smart Home,"Revolutionary iot & smart home solution that enhance customer experience for creators. Using augmented reality, we delivers real-time insights while offers free trial. Our focus areas include smart devices, voice control, temperature control.",2023-12-10 19:34:18.282854,Series A,500000,58,San Francisco,Active,www.iot&smarthome97.com,0.16926853160997937
STARTUP_0099,Comprehensive Remote AI,Remote Work,"We are building a user-friendly remote work solution that helps communities to achieve goals using machine learning. Our platform scales with your business and offers free trial. Our focus areas include digital workspace, time tracking, remote hiring.",2025-05-12 19:34:18.282854,Series C,10000000,95,San Francisco,Acquired,www.remotework98.com,0.43423440241329886
STARTUP_0100,Modern Travel Platform,Travel Tech,"Our travel tech platform enables financial institutions to connect and collaborate through blockchain. Key features include provides API access and reduces operational costs by 40%. Our focus areas include accommodation platform, flight comparison, destination discovery.",2025-02-23 19:34:18.282854,Seed,0,32,Remote,Acquired,www.traveltech99.com,0.2165877417776886
